donor_id,block_id,dataset_id
https://doi.org/10.1016/j.cell.2022.12.028#CRC01002$TEMP_DONOR,https://doi.org/10.1016/j.cell.2022.12.028#CRC01002$TEMP_BLOCK,https://doi.org/10.1016/j.cell.2022.12.028#CRC01002
https://doi.org/10.1016/j.cell.2022.12.028#CRC01007$TEMP_DONOR,https://doi.org/10.1016/j.cell.2022.12.028#CRC01007$TEMP_BLOCK,https://doi.org/10.1016/j.cell.2022.12.028#CRC01007
https://doi.org/10.1016/j.cell.2022.12.028#CRC01014$TEMP_DONOR,https://doi.org/10.1016/j.cell.2022.12.028#CRC01014$TEMP_BLOCK,https://doi.org/10.1016/j.cell.2022.12.028#CRC01014
https://doi.org/10.1016/j.cell.2022.12.028#CRC01020$TEMP_DONOR,https://doi.org/10.1016/j.cell.2022.12.028#CRC01020$TEMP_BLOCK,https://doi.org/10.1016/j.cell.2022.12.028#CRC01020
https://doi.org/10.1016/j.cell.2022.12.028#CRC01025$TEMP_DONOR,https://doi.org/10.1016/j.cell.2022.12.028#CRC01025$TEMP_BLOCK,https://doi.org/10.1016/j.cell.2022.12.028#CRC01025
https://doi.org/10.1016/j.cell.2022.12.028#CRC01029$TEMP_DONOR,https://doi.org/10.1016/j.cell.2022.12.028#CRC01029$TEMP_BLOCK,https://doi.org/10.1016/j.cell.2022.12.028#CRC01029
https://doi.org/10.1016/j.cell.2022.12.028#CRC01034$TEMP_DONOR,https://doi.org/10.1016/j.cell.2022.12.028#CRC01034$TEMP_BLOCK,https://doi.org/10.1016/j.cell.2022.12.028#CRC01034
https://doi.org/10.1016/j.cell.2022.12.028#CRC01039$TEMP_DONOR,https://doi.org/10.1016/j.cell.2022.12.028#CRC01039$TEMP_BLOCK,https://doi.org/10.1016/j.cell.2022.12.028#CRC01039
https://doi.org/10.1016/j.cell.2022.12.028#CRC01044$TEMP_DONOR,https://doi.org/10.1016/j.cell.2022.12.028#CRC01044$TEMP_BLOCK,https://doi.org/10.1016/j.cell.2022.12.028#CRC01044
https://doi.org/10.1016/j.cell.2022.12.028#CRC01049$TEMP_DONOR,https://doi.org/10.1016/j.cell.2022.12.028#CRC01049$TEMP_BLOCK,https://doi.org/10.1016/j.cell.2022.12.028#CRC01049
https://doi.org/10.1016/j.cell.2022.12.028#CRC01050$TEMP_DONOR,https://doi.org/10.1016/j.cell.2022.12.028#CRC01050$TEMP_BLOCK,https://doi.org/10.1016/j.cell.2022.12.028#CRC01050
https://doi.org/10.1016/j.cell.2022.12.028#CRC01051$TEMP_DONOR,https://doi.org/10.1016/j.cell.2022.12.028#CRC01051$TEMP_BLOCK,https://doi.org/10.1016/j.cell.2022.12.028#CRC01051
https://doi.org/10.1016/j.cell.2022.12.028#CRC01052$TEMP_DONOR,https://doi.org/10.1016/j.cell.2022.12.028#CRC01052$TEMP_BLOCK,https://doi.org/10.1016/j.cell.2022.12.028#CRC01052
https://doi.org/10.1016/j.cell.2022.12.028#CRC01054$TEMP_DONOR,https://doi.org/10.1016/j.cell.2022.12.028#CRC01054$TEMP_BLOCK,https://doi.org/10.1016/j.cell.2022.12.028#CRC01054
https://doi.org/10.1016/j.cell.2022.12.028#CRC01059$TEMP_DONOR,https://doi.org/10.1016/j.cell.2022.12.028#CRC01059$TEMP_BLOCK,https://doi.org/10.1016/j.cell.2022.12.028#CRC01059
https://doi.org/10.1016/j.cell.2022.12.028#CRC01064$TEMP_DONOR,https://doi.org/10.1016/j.cell.2022.12.028#CRC01064$TEMP_BLOCK,https://doi.org/10.1016/j.cell.2022.12.028#CRC01064
https://doi.org/10.1016/j.cell.2022.12.028#CRC01069$TEMP_DONOR,https://doi.org/10.1016/j.cell.2022.12.028#CRC01069$TEMP_BLOCK,https://doi.org/10.1016/j.cell.2022.12.028#CRC01069
https://doi.org/10.1016/j.cell.2022.12.028#CRC01074$TEMP_DONOR,https://doi.org/10.1016/j.cell.2022.12.028#CRC01074$TEMP_BLOCK,https://doi.org/10.1016/j.cell.2022.12.028#CRC01074
https://doi.org/10.1016/j.cell.2022.12.028#CRC01078$TEMP_DONOR,https://doi.org/10.1016/j.cell.2022.12.028#CRC01078$TEMP_BLOCK,https://doi.org/10.1016/j.cell.2022.12.028#CRC01078
https://doi.org/10.1016/j.cell.2022.12.028#CRC01084$TEMP_DONOR,https://doi.org/10.1016/j.cell.2022.12.028#CRC01084$TEMP_BLOCK,https://doi.org/10.1016/j.cell.2022.12.028#CRC01084
https://doi.org/10.1016/j.cell.2022.12.028#CRC01086$TEMP_DONOR,https://doi.org/10.1016/j.cell.2022.12.028#CRC01086$TEMP_BLOCK,https://doi.org/10.1016/j.cell.2022.12.028#CRC01086
https://doi.org/10.1016/j.cell.2022.12.028#CRC01091$TEMP_DONOR,https://doi.org/10.1016/j.cell.2022.12.028#CRC01091$TEMP_BLOCK,https://doi.org/10.1016/j.cell.2022.12.028#CRC01091
https://doi.org/10.1016/j.cell.2022.12.028#CRC01097$TEMP_DONOR,https://doi.org/10.1016/j.cell.2022.12.028#CRC01097$TEMP_BLOCK,https://doi.org/10.1016/j.cell.2022.12.028#CRC01097
https://doi.org/10.1016/j.cell.2022.12.028#CRC01102$TEMP_DONOR,https://doi.org/10.1016/j.cell.2022.12.028#CRC01102$TEMP_BLOCK,https://doi.org/10.1016/j.cell.2022.12.028#CRC01102
https://doi.org/10.1016/j.cell.2022.12.028#CRC01106$TEMP_DONOR,https://doi.org/10.1016/j.cell.2022.12.028#CRC01106$TEMP_BLOCK,https://doi.org/10.1016/j.cell.2022.12.028#CRC01106
https://entity.api.hubmapconsortium.org/entities/c5334b682758b141c481f87ae010b537$TEMP_DONOR,https://entity.api.hubmapconsortium.org/entities/c5334b682758b141c481f87ae010b537$TEMP_BLOCK,https://entity.api.hubmapconsortium.org/entities/c5334b682758b141c481f87ae010b537
https://entity.api.hubmapconsortium.org/entities/5b8a17e92defe510fa91b3a97a728831$TEMP_DONOR,https://entity.api.hubmapconsortium.org/entities/5b8a17e92defe510fa91b3a97a728831$TEMP_BLOCK,https://entity.api.hubmapconsortium.org/entities/5b8a17e92defe510fa91b3a97a728831
https://entity.api.hubmapconsortium.org/entities/e6fd525b837f4cf736c8af830f4f750f$TEMP_DONOR,https://entity.api.hubmapconsortium.org/entities/e6fd525b837f4cf736c8af830f4f750f$TEMP_BLOCK,https://entity.api.hubmapconsortium.org/entities/e6fd525b837f4cf736c8af830f4f750f
https://entity.api.hubmapconsortium.org/entities/11b4f413984624557c2b1a4566b0d71a$TEMP_DONOR,https://entity.api.hubmapconsortium.org/entities/11b4f413984624557c2b1a4566b0d71a$TEMP_BLOCK,https://entity.api.hubmapconsortium.org/entities/11b4f413984624557c2b1a4566b0d71a
https://entity.api.hubmapconsortium.org/entities/5dcd80f33dd59321055f621791918516$TEMP_DONOR,https://entity.api.hubmapconsortium.org/entities/5dcd80f33dd59321055f621791918516$TEMP_BLOCK,https://entity.api.hubmapconsortium.org/entities/5dcd80f33dd59321055f621791918516
https://entity.api.hubmapconsortium.org/entities/0daec302e2745287b29948a8c8c30cf1$TEMP_DONOR,https://entity.api.hubmapconsortium.org/entities/0daec302e2745287b29948a8c8c30cf1$TEMP_BLOCK,https://entity.api.hubmapconsortium.org/entities/0daec302e2745287b29948a8c8c30cf1
https://entity.api.hubmapconsortium.org/entities/5afac98d9f449f2169b505179dd96f0e$TEMP_DONOR,https://entity.api.hubmapconsortium.org/entities/5afac98d9f449f2169b505179dd96f0e$TEMP_BLOCK,https://entity.api.hubmapconsortium.org/entities/5afac98d9f449f2169b505179dd96f0e
https://entity.api.hubmapconsortium.org/entities/98d54824c0eb9843865dfc3a53b4cff4$TEMP_DONOR,https://entity.api.hubmapconsortium.org/entities/98d54824c0eb9843865dfc3a53b4cff4$TEMP_BLOCK,https://entity.api.hubmapconsortium.org/entities/98d54824c0eb9843865dfc3a53b4cff4
https://entity.api.hubmapconsortium.org/entities/52ef1c33a11494b43d8979e0e6057caa$TEMP_DONOR,https://entity.api.hubmapconsortium.org/entities/52ef1c33a11494b43d8979e0e6057caa$TEMP_BLOCK,https://entity.api.hubmapconsortium.org/entities/52ef1c33a11494b43d8979e0e6057caa
https://entity.api.hubmapconsortium.org/entities/3480cd404d4bacd7bb8d21be8de12c6c$TEMP_DONOR,https://entity.api.hubmapconsortium.org/entities/3480cd404d4bacd7bb8d21be8de12c6c$TEMP_BLOCK,https://entity.api.hubmapconsortium.org/entities/3480cd404d4bacd7bb8d21be8de12c6c
https://entity.api.hubmapconsortium.org/entities/153b0fe8575ff1a17768319ba6dbaa5c$TEMP_DONOR,https://entity.api.hubmapconsortium.org/entities/153b0fe8575ff1a17768319ba6dbaa5c$TEMP_BLOCK,https://entity.api.hubmapconsortium.org/entities/153b0fe8575ff1a17768319ba6dbaa5c
https://entity.api.hubmapconsortium.org/entities/7b8380782bc3f9ba8dca693909477b66$TEMP_DONOR,https://entity.api.hubmapconsortium.org/entities/7b8380782bc3f9ba8dca693909477b66$TEMP_BLOCK,https://entity.api.hubmapconsortium.org/entities/7b8380782bc3f9ba8dca693909477b66
https://entity.api.hubmapconsortium.org/entities/3a4fb23a49fba2647dba2b8f57976d25$TEMP_DONOR,https://entity.api.hubmapconsortium.org/entities/3a4fb23a49fba2647dba2b8f57976d25$TEMP_BLOCK,https://entity.api.hubmapconsortium.org/entities/3a4fb23a49fba2647dba2b8f57976d25
https://entity.api.hubmapconsortium.org/entities/40b8449d2e4edbf2168dfadaefd0ffe4$TEMP_DONOR,https://entity.api.hubmapconsortium.org/entities/40b8449d2e4edbf2168dfadaefd0ffe4$TEMP_BLOCK,https://entity.api.hubmapconsortium.org/entities/40b8449d2e4edbf2168dfadaefd0ffe4
https://entity.api.hubmapconsortium.org/entities/8704f735f701691de8ba8f88ebf01a77$TEMP_DONOR,https://entity.api.hubmapconsortium.org/entities/8704f735f701691de8ba8f88ebf01a77$TEMP_BLOCK,https://entity.api.hubmapconsortium.org/entities/8704f735f701691de8ba8f88ebf01a77
https://entity.api.hubmapconsortium.org/entities/3f3fc7fbd6c9ddffd3cd96e07b946252$TEMP_DONOR,https://entity.api.hubmapconsortium.org/entities/3f3fc7fbd6c9ddffd3cd96e07b946252$TEMP_BLOCK,https://entity.api.hubmapconsortium.org/entities/3f3fc7fbd6c9ddffd3cd96e07b946252
https://entity.api.hubmapconsortium.org/entities/4887c97a8f862dfd0927fca83772da67$TEMP_DONOR,https://entity.api.hubmapconsortium.org/entities/4887c97a8f862dfd0927fca83772da67$TEMP_BLOCK,https://entity.api.hubmapconsortium.org/entities/4887c97a8f862dfd0927fca83772da67
https://entity.api.hubmapconsortium.org/entities/699e1e0966bf3bc53e8a114eff9c75d0$TEMP_DONOR,https://entity.api.hubmapconsortium.org/entities/699e1e0966bf3bc53e8a114eff9c75d0$TEMP_BLOCK,https://entity.api.hubmapconsortium.org/entities/699e1e0966bf3bc53e8a114eff9c75d0
https://entity.api.hubmapconsortium.org/entities/59f7fa785f9dbd46f45758e22454e912$TEMP_DONOR,https://entity.api.hubmapconsortium.org/entities/59f7fa785f9dbd46f45758e22454e912$TEMP_BLOCK,https://entity.api.hubmapconsortium.org/entities/59f7fa785f9dbd46f45758e22454e912
https://entity.api.hubmapconsortium.org/entities/ceeb65e769fd592cbc9caad267cbe4fe$TEMP_DONOR,https://entity.api.hubmapconsortium.org/entities/ceeb65e769fd592cbc9caad267cbe4fe$TEMP_BLOCK,https://entity.api.hubmapconsortium.org/entities/ceeb65e769fd592cbc9caad267cbe4fe
https://entity.api.hubmapconsortium.org/entities/133bc98251c8b80923f550ea2678380e$TEMP_DONOR,https://entity.api.hubmapconsortium.org/entities/133bc98251c8b80923f550ea2678380e$TEMP_BLOCK,https://entity.api.hubmapconsortium.org/entities/133bc98251c8b80923f550ea2678380e
https://entity.api.hubmapconsortium.org/entities/1ef4a756160bd478823f7f400c3d3709$TEMP_DONOR,https://entity.api.hubmapconsortium.org/entities/1ef4a756160bd478823f7f400c3d3709$TEMP_BLOCK,https://entity.api.hubmapconsortium.org/entities/1ef4a756160bd478823f7f400c3d3709
https://entity.api.hubmapconsortium.org/entities/1aea5d37b6bef49653515595f228c545$TEMP_DONOR,https://entity.api.hubmapconsortium.org/entities/1aea5d37b6bef49653515595f228c545$TEMP_BLOCK,https://entity.api.hubmapconsortium.org/entities/1aea5d37b6bef49653515595f228c545
https://entity.api.hubmapconsortium.org/entities/ec8f9880b5dda90c3c6017ba670097a9$TEMP_DONOR,https://entity.api.hubmapconsortium.org/entities/ec8f9880b5dda90c3c6017ba670097a9$TEMP_BLOCK,https://entity.api.hubmapconsortium.org/entities/ec8f9880b5dda90c3c6017ba670097a9
https://entity.api.hubmapconsortium.org/entities/262419be2d6fc1fbbbdcbf9645d7b11a$TEMP_DONOR,https://entity.api.hubmapconsortium.org/entities/262419be2d6fc1fbbbdcbf9645d7b11a$TEMP_BLOCK,https://entity.api.hubmapconsortium.org/entities/262419be2d6fc1fbbbdcbf9645d7b11a
https://entity.api.hubmapconsortium.org/entities/61b3818a8c762a5708b275a714360608$TEMP_DONOR,https://entity.api.hubmapconsortium.org/entities/61b3818a8c762a5708b275a714360608$TEMP_BLOCK,https://entity.api.hubmapconsortium.org/entities/61b3818a8c762a5708b275a714360608
https://entity.api.hubmapconsortium.org/entities/61e800af49715fa70ec90a7c53f3c389$TEMP_DONOR,https://entity.api.hubmapconsortium.org/entities/61e800af49715fa70ec90a7c53f3c389$TEMP_BLOCK,https://entity.api.hubmapconsortium.org/entities/61e800af49715fa70ec90a7c53f3c389
https://entity.api.hubmapconsortium.org/entities/fb71322290f359a730b709e2c58f8897$TEMP_DONOR,https://entity.api.hubmapconsortium.org/entities/fb71322290f359a730b709e2c58f8897$TEMP_BLOCK,https://entity.api.hubmapconsortium.org/entities/fb71322290f359a730b709e2c58f8897
https://entity.api.hubmapconsortium.org/entities/a9d4471b41cd0d8185e12dd6c5a48e96$TEMP_DONOR,https://entity.api.hubmapconsortium.org/entities/a9d4471b41cd0d8185e12dd6c5a48e96$TEMP_BLOCK,https://entity.api.hubmapconsortium.org/entities/a9d4471b41cd0d8185e12dd6c5a48e96
https://entity.api.hubmapconsortium.org/entities/98c1bc0a44802108a6dcf8ce281628a7$TEMP_DONOR,https://entity.api.hubmapconsortium.org/entities/98c1bc0a44802108a6dcf8ce281628a7$TEMP_BLOCK,https://entity.api.hubmapconsortium.org/entities/98c1bc0a44802108a6dcf8ce281628a7
https://entity.api.hubmapconsortium.org/entities/2958cd11dad5ee8bcf7bf8d4b3e4a128$TEMP_DONOR,https://entity.api.hubmapconsortium.org/entities/2958cd11dad5ee8bcf7bf8d4b3e4a128$TEMP_BLOCK,https://entity.api.hubmapconsortium.org/entities/2958cd11dad5ee8bcf7bf8d4b3e4a128
https://entity.api.hubmapconsortium.org/entities/a0946b9a99b0940c5e9eb7587deafee5$TEMP_DONOR,https://entity.api.hubmapconsortium.org/entities/a0946b9a99b0940c5e9eb7587deafee5$TEMP_BLOCK,https://entity.api.hubmapconsortium.org/entities/a0946b9a99b0940c5e9eb7587deafee5
https://entity.api.hubmapconsortium.org/entities/f7b14f3298c0676d8cc5b127e72c8bc7$TEMP_DONOR,https://entity.api.hubmapconsortium.org/entities/f7b14f3298c0676d8cc5b127e72c8bc7$TEMP_BLOCK,https://entity.api.hubmapconsortium.org/entities/f7b14f3298c0676d8cc5b127e72c8bc7
https://entity.api.hubmapconsortium.org/entities/746688ea37608c8dbbcc1805adc0413c$TEMP_DONOR,https://entity.api.hubmapconsortium.org/entities/746688ea37608c8dbbcc1805adc0413c$TEMP_BLOCK,https://entity.api.hubmapconsortium.org/entities/746688ea37608c8dbbcc1805adc0413c
https://entity.api.hubmapconsortium.org/entities/4ea2c240173bda1bd799b0f17e55a96d$TEMP_DONOR,https://entity.api.hubmapconsortium.org/entities/4ea2c240173bda1bd799b0f17e55a96d$TEMP_BLOCK,https://entity.api.hubmapconsortium.org/entities/4ea2c240173bda1bd799b0f17e55a96d
https://entity.api.hubmapconsortium.org/entities/be815eafcdc11825037586353cf34b86$TEMP_DONOR,https://entity.api.hubmapconsortium.org/entities/be815eafcdc11825037586353cf34b86$TEMP_BLOCK,https://entity.api.hubmapconsortium.org/entities/be815eafcdc11825037586353cf34b86
https://entity.api.hubmapconsortium.org/entities/c0f9540056469f86daa7c7a363dfb0bd$TEMP_DONOR,https://entity.api.hubmapconsortium.org/entities/c0f9540056469f86daa7c7a363dfb0bd$TEMP_BLOCK,https://entity.api.hubmapconsortium.org/entities/c0f9540056469f86daa7c7a363dfb0bd
https://entity.api.hubmapconsortium.org/entities/7500e7f02589f4b4e55641f09723c3de$TEMP_DONOR,https://entity.api.hubmapconsortium.org/entities/7500e7f02589f4b4e55641f09723c3de$TEMP_BLOCK,https://entity.api.hubmapconsortium.org/entities/7500e7f02589f4b4e55641f09723c3de
https://entity.api.hubmapconsortium.org/entities/8eeca1a98041348bb14fd652b766661e$TEMP_DONOR,https://entity.api.hubmapconsortium.org/entities/8eeca1a98041348bb14fd652b766661e$TEMP_BLOCK,https://entity.api.hubmapconsortium.org/entities/8eeca1a98041348bb14fd652b766661e
https://entity.api.hubmapconsortium.org/entities/9b18ca7a4c869239ddf80f0dbae7438d$TEMP_DONOR,https://entity.api.hubmapconsortium.org/entities/9b18ca7a4c869239ddf80f0dbae7438d$TEMP_BLOCK,https://entity.api.hubmapconsortium.org/entities/9b18ca7a4c869239ddf80f0dbae7438d
https://entity.api.hubmapconsortium.org/entities/b3e6c1651d33bdec8a827144c667e998$TEMP_DONOR,https://entity.api.hubmapconsortium.org/entities/b3e6c1651d33bdec8a827144c667e998$TEMP_BLOCK,https://entity.api.hubmapconsortium.org/entities/b3e6c1651d33bdec8a827144c667e998
https://entity.api.hubmapconsortium.org/entities/371a66eb271ddc229fa5cb2c3a20ca12$TEMP_DONOR,https://entity.api.hubmapconsortium.org/entities/371a66eb271ddc229fa5cb2c3a20ca12$TEMP_BLOCK,https://entity.api.hubmapconsortium.org/entities/371a66eb271ddc229fa5cb2c3a20ca12
https://entity.api.hubmapconsortium.org/entities/aabf05e28a70e7da1fc2558d9a2d82af$TEMP_DONOR,https://entity.api.hubmapconsortium.org/entities/aabf05e28a70e7da1fc2558d9a2d82af$TEMP_BLOCK,https://entity.api.hubmapconsortium.org/entities/aabf05e28a70e7da1fc2558d9a2d82af
https://entity.api.hubmapconsortium.org/entities/aea2908c0165645e2c1a1251362c2465$TEMP_DONOR,https://entity.api.hubmapconsortium.org/entities/aea2908c0165645e2c1a1251362c2465$TEMP_BLOCK,https://entity.api.hubmapconsortium.org/entities/aea2908c0165645e2c1a1251362c2465
https://entity.api.hubmapconsortium.org/entities/50f466268d42ee8ebf929757ed670d12$TEMP_DONOR,https://entity.api.hubmapconsortium.org/entities/50f466268d42ee8ebf929757ed670d12$TEMP_BLOCK,https://entity.api.hubmapconsortium.org/entities/50f466268d42ee8ebf929757ed670d12
https://entity.api.hubmapconsortium.org/entities/c8ee4bd8f052b50fab2e9e9365793374$TEMP_DONOR,https://entity.api.hubmapconsortium.org/entities/c8ee4bd8f052b50fab2e9e9365793374$TEMP_BLOCK,https://entity.api.hubmapconsortium.org/entities/c8ee4bd8f052b50fab2e9e9365793374
https://entity.api.hubmapconsortium.org/entities/a702c94500a2f737b722e34f6df7e7dd$TEMP_DONOR,https://entity.api.hubmapconsortium.org/entities/a702c94500a2f737b722e34f6df7e7dd$TEMP_BLOCK,https://entity.api.hubmapconsortium.org/entities/a702c94500a2f737b722e34f6df7e7dd
https://entity.api.hubmapconsortium.org/entities/b6f3dd854f9826cad29a2f63261e3a54$TEMP_DONOR,https://entity.api.hubmapconsortium.org/entities/b6f3dd854f9826cad29a2f63261e3a54$TEMP_BLOCK,https://entity.api.hubmapconsortium.org/entities/b6f3dd854f9826cad29a2f63261e3a54
https://entity.api.hubmapconsortium.org/entities/4839e7564bc7676e781b8f3f9bfbf35b$TEMP_DONOR,https://entity.api.hubmapconsortium.org/entities/4839e7564bc7676e781b8f3f9bfbf35b$TEMP_BLOCK,https://entity.api.hubmapconsortium.org/entities/4839e7564bc7676e781b8f3f9bfbf35b
https://entity.api.hubmapconsortium.org/entities/a7ecf4fd858a58dcaa3bab5df455065b$TEMP_DONOR,https://entity.api.hubmapconsortium.org/entities/a7ecf4fd858a58dcaa3bab5df455065b$TEMP_BLOCK,https://entity.api.hubmapconsortium.org/entities/a7ecf4fd858a58dcaa3bab5df455065b
https://entity.api.hubmapconsortium.org/entities/9e28cdbdb5bc5b3cf7299f13635eebc9$TEMP_DONOR,https://entity.api.hubmapconsortium.org/entities/9e28cdbdb5bc5b3cf7299f13635eebc9$TEMP_BLOCK,https://entity.api.hubmapconsortium.org/entities/9e28cdbdb5bc5b3cf7299f13635eebc9
https://entity.api.hubmapconsortium.org/entities/e45724a72ab0e7d7b283451836dd983e$TEMP_DONOR,https://entity.api.hubmapconsortium.org/entities/e45724a72ab0e7d7b283451836dd983e$TEMP_BLOCK,https://entity.api.hubmapconsortium.org/entities/e45724a72ab0e7d7b283451836dd983e
https://entity.api.hubmapconsortium.org/entities/7034950e109586361e73c1b9ddb81346$TEMP_DONOR,https://entity.api.hubmapconsortium.org/entities/7034950e109586361e73c1b9ddb81346$TEMP_BLOCK,https://entity.api.hubmapconsortium.org/entities/7034950e109586361e73c1b9ddb81346
https://entity.api.hubmapconsortium.org/entities/9d85dec83a12ae900c5b7603cb74d6ca$TEMP_DONOR,https://entity.api.hubmapconsortium.org/entities/9d85dec83a12ae900c5b7603cb74d6ca$TEMP_BLOCK,https://entity.api.hubmapconsortium.org/entities/9d85dec83a12ae900c5b7603cb74d6ca
https://entity.api.hubmapconsortium.org/entities/cf25bdcd6bae8045f6b88bb3c9a32207$TEMP_DONOR,https://entity.api.hubmapconsortium.org/entities/cf25bdcd6bae8045f6b88bb3c9a32207$TEMP_BLOCK,https://entity.api.hubmapconsortium.org/entities/cf25bdcd6bae8045f6b88bb3c9a32207
https://entity.api.hubmapconsortium.org/entities/efaecdc1565274900386733cf1661ca6$TEMP_DONOR,https://entity.api.hubmapconsortium.org/entities/efaecdc1565274900386733cf1661ca6$TEMP_BLOCK,https://entity.api.hubmapconsortium.org/entities/efaecdc1565274900386733cf1661ca6
https://entity.api.hubmapconsortium.org/entities/f9ae88d0a98b274efe18f03622de08a7$TEMP_DONOR,https://entity.api.hubmapconsortium.org/entities/f9ae88d0a98b274efe18f03622de08a7$TEMP_BLOCK,https://entity.api.hubmapconsortium.org/entities/f9ae88d0a98b274efe18f03622de08a7
https://entity.api.hubmapconsortium.org/entities/33fcecfcdb5a264554dc06db897cd4f8$TEMP_DONOR,https://entity.api.hubmapconsortium.org/entities/33fcecfcdb5a264554dc06db897cd4f8$TEMP_BLOCK,https://entity.api.hubmapconsortium.org/entities/33fcecfcdb5a264554dc06db897cd4f8
https://entity.api.hubmapconsortium.org/entities/763635933fb185b0174ea09273b36583$TEMP_DONOR,https://entity.api.hubmapconsortium.org/entities/763635933fb185b0174ea09273b36583$TEMP_BLOCK,https://entity.api.hubmapconsortium.org/entities/763635933fb185b0174ea09273b36583
https://entity.api.hubmapconsortium.org/entities/6df2f796ad72307d04dc94d688b725c5$TEMP_DONOR,https://entity.api.hubmapconsortium.org/entities/6df2f796ad72307d04dc94d688b725c5$TEMP_BLOCK,https://entity.api.hubmapconsortium.org/entities/6df2f796ad72307d04dc94d688b725c5
https://entity.api.hubmapconsortium.org/entities/be737d348cf32ff4c38145a928e0f435$TEMP_DONOR,https://entity.api.hubmapconsortium.org/entities/be737d348cf32ff4c38145a928e0f435$TEMP_BLOCK,https://entity.api.hubmapconsortium.org/entities/be737d348cf32ff4c38145a928e0f435
https://entity.api.hubmapconsortium.org/entities/96f5c73df89d553cda6547b508aee854$TEMP_DONOR,https://entity.api.hubmapconsortium.org/entities/96f5c73df89d553cda6547b508aee854$TEMP_BLOCK,https://entity.api.hubmapconsortium.org/entities/96f5c73df89d553cda6547b508aee854
https://entity.api.hubmapconsortium.org/entities/fa789beae7f1a0ad9947de50c329e3db$TEMP_DONOR,https://entity.api.hubmapconsortium.org/entities/fa789beae7f1a0ad9947de50c329e3db$TEMP_BLOCK,https://entity.api.hubmapconsortium.org/entities/fa789beae7f1a0ad9947de50c329e3db
https://entity.api.hubmapconsortium.org/entities/e3b831b46c84bc66e88fa410cf89dc2d$TEMP_DONOR,https://entity.api.hubmapconsortium.org/entities/e3b831b46c84bc66e88fa410cf89dc2d$TEMP_BLOCK,https://entity.api.hubmapconsortium.org/entities/e3b831b46c84bc66e88fa410cf89dc2d
https://entity.api.hubmapconsortium.org/entities/bff180755a5da7c036e5250c94f1ebd7#D115-RLL-10A3-40$TEMP_DONOR,https://entity.api.hubmapconsortium.org/entities/bff180755a5da7c036e5250c94f1ebd7#D115-RLL-10A3-40$TEMP_BLOCK,https://entity.api.hubmapconsortium.org/entities/bff180755a5da7c036e5250c94f1ebd7#D115-RLL-10A3-40
https://entity.api.hubmapconsortium.org/entities/0f1ddcb41a484adbda759c0c79097a02#D265-LLL-7A7-12$TEMP_DONOR,https://entity.api.hubmapconsortium.org/entities/0f1ddcb41a484adbda759c0c79097a02#D265-LLL-7A7-12$TEMP_BLOCK,https://entity.api.hubmapconsortium.org/entities/0f1ddcb41a484adbda759c0c79097a02#D265-LLL-7A7-12
https://entity.api.hubmapconsortium.org/entities/060dfa0fdf2b840864f62d2cd1a7a456$TEMP_DONOR,https://entity.api.hubmapconsortium.org/entities/060dfa0fdf2b840864f62d2cd1a7a456$TEMP_BLOCK,https://entity.api.hubmapconsortium.org/entities/060dfa0fdf2b840864f62d2cd1a7a456
https://entity.api.hubmapconsortium.org/entities/ce30489adeb0c18b028055b8b60707ca$TEMP_DONOR,https://entity.api.hubmapconsortium.org/entities/ce30489adeb0c18b028055b8b60707ca$TEMP_BLOCK,https://entity.api.hubmapconsortium.org/entities/ce30489adeb0c18b028055b8b60707ca
https://entity.api.hubmapconsortium.org/entities/fa238ec2a83302fb4af92442c3683a23$TEMP_DONOR,https://entity.api.hubmapconsortium.org/entities/fa238ec2a83302fb4af92442c3683a23$TEMP_BLOCK,https://entity.api.hubmapconsortium.org/entities/fa238ec2a83302fb4af92442c3683a23
https://entity.api.hubmapconsortium.org/entities/72b0dc83701c045d954b457baed40697$TEMP_DONOR,https://entity.api.hubmapconsortium.org/entities/72b0dc83701c045d954b457baed40697$TEMP_BLOCK,https://entity.api.hubmapconsortium.org/entities/72b0dc83701c045d954b457baed40697
https://entity.api.hubmapconsortium.org/entities/59f249caa2fe225f030205c2abd86051$TEMP_DONOR,https://entity.api.hubmapconsortium.org/entities/59f249caa2fe225f030205c2abd86051$TEMP_BLOCK,https://entity.api.hubmapconsortium.org/entities/59f249caa2fe225f030205c2abd86051
https://entity.api.hubmapconsortium.org/entities/0ca0721ae67b78b5eed7c0ef20dc6ac1$TEMP_DONOR,https://entity.api.hubmapconsortium.org/entities/0ca0721ae67b78b5eed7c0ef20dc6ac1$TEMP_BLOCK,https://entity.api.hubmapconsortium.org/entities/0ca0721ae67b78b5eed7c0ef20dc6ac1
https://entity.api.hubmapconsortium.org/entities/65e850415322baad58626e3a228478dc$TEMP_DONOR,https://entity.api.hubmapconsortium.org/entities/65e850415322baad58626e3a228478dc$TEMP_BLOCK,https://entity.api.hubmapconsortium.org/entities/65e850415322baad58626e3a228478dc
https://entity.api.hubmapconsortium.org/entities/215f1050fc286dcc579edfd9c2494de1$TEMP_DONOR,https://entity.api.hubmapconsortium.org/entities/215f1050fc286dcc579edfd9c2494de1$TEMP_BLOCK,https://entity.api.hubmapconsortium.org/entities/215f1050fc286dcc579edfd9c2494de1
https://entity.api.hubmapconsortium.org/entities/6c75548f017fe5891f2ddc91566565f0$TEMP_DONOR,https://entity.api.hubmapconsortium.org/entities/6c75548f017fe5891f2ddc91566565f0$TEMP_BLOCK,https://entity.api.hubmapconsortium.org/entities/6c75548f017fe5891f2ddc91566565f0
https://entity.api.hubmapconsortium.org/entities/ec85791b4b73e76bf32bb40bad60fb50$TEMP_DONOR,https://entity.api.hubmapconsortium.org/entities/ec85791b4b73e76bf32bb40bad60fb50$TEMP_BLOCK,https://entity.api.hubmapconsortium.org/entities/ec85791b4b73e76bf32bb40bad60fb50
https://doi.org/10.1101/2023.11.10.566670#phenotypes_invasive_margin$TEMP_DONOR,https://doi.org/10.1101/2023.11.10.566670#phenotypes_invasive_margin$TEMP_BLOCK,https://doi.org/10.1101/2023.11.10.566670#phenotypes_invasive_margin
https://doi.org/10.1101/2023.11.10.566670#phenotypes_melanoma_in_situ$TEMP_DONOR,https://doi.org/10.1101/2023.11.10.566670#phenotypes_melanoma_in_situ$TEMP_BLOCK,https://doi.org/10.1101/2023.11.10.566670#phenotypes_melanoma_in_situ
https://entity.api.hubmapconsortium.org/entities/2b57ac6fea7aa96d26d2685a297a4e7a$TEMP_DONOR,https://entity.api.hubmapconsortium.org/entities/2b57ac6fea7aa96d26d2685a297a4e7a$TEMP_BLOCK,https://entity.api.hubmapconsortium.org/entities/2b57ac6fea7aa96d26d2685a297a4e7a
https://entity.api.hubmapconsortium.org/entities/00d1a3623dac388773bc7780fcb42797$TEMP_DONOR,https://entity.api.hubmapconsortium.org/entities/00d1a3623dac388773bc7780fcb42797$TEMP_BLOCK,https://entity.api.hubmapconsortium.org/entities/00d1a3623dac388773bc7780fcb42797
https://entity.api.hubmapconsortium.org/entities/654418415bed5ecb9596b17a0320a2c6$TEMP_DONOR,https://entity.api.hubmapconsortium.org/entities/654418415bed5ecb9596b17a0320a2c6$TEMP_BLOCK,https://entity.api.hubmapconsortium.org/entities/654418415bed5ecb9596b17a0320a2c6
https://entity.api.hubmapconsortium.org/entities/3de2804ec3219228758dba8382d33423$TEMP_DONOR,https://entity.api.hubmapconsortium.org/entities/3de2804ec3219228758dba8382d33423$TEMP_BLOCK,https://entity.api.hubmapconsortium.org/entities/3de2804ec3219228758dba8382d33423
https://entity.api.hubmapconsortium.org/entities/1393ff7729eff13cd2f4d5d58af96fdb$TEMP_DONOR,https://entity.api.hubmapconsortium.org/entities/1393ff7729eff13cd2f4d5d58af96fdb$TEMP_BLOCK,https://entity.api.hubmapconsortium.org/entities/1393ff7729eff13cd2f4d5d58af96fdb
https://entity.api.hubmapconsortium.org/entities/d73a864f5ad6bdffdf148f43423e2a01$TEMP_DONOR,https://entity.api.hubmapconsortium.org/entities/d73a864f5ad6bdffdf148f43423e2a01$TEMP_BLOCK,https://entity.api.hubmapconsortium.org/entities/d73a864f5ad6bdffdf148f43423e2a01